<?xml version="1.0" encoding="UTF-8"?>
<project-private xmlns="http://www.netbeans.org/ns/project-private/1">
    <editor-bookmarks xmlns="http://www.netbeans.org/ns/editor-bookmarks/2" lastBookmarkId="0"/>
    <open-files xmlns="http://www.netbeans.org/ns/projectui-open-files/2">
        <group>
            <file>file:/home/fernando.pedridomarino/NetBeansProjects/Simulacro3av/src/simulacro3av/IncidenceDB.java</file>
            <file>file:/home/fernando.pedridomarino/NetBeansProjects/Simulacro3av/src/simulacro3av/User.java</file>
            <file>file:/home/fernando.pedridomarino/NetBeansProjects/Simulacro3av/src/simulacro3av/IncidenceAdmin.java</file>
            <file>file:/home/fernando.pedridomarino/NetBeansProjects/Simulacro3av/src/simulacro3av/UserDB.java</file>
            <file>file:/home/fernando.pedridomarino/NetBeansProjects/Simulacro3av/src/simulacro3av/Incidence.java</file>
            <file>file:/home/fernando.pedridomarino/NetBeansProjects/Simulacro3av/src/simulacro3av/IncidenceManager.java</file>
        </group>
    </open-files>
</project-private>
